<?xml version="1.0" encoding="UTF-8" standalone="yes"?>
<addon id="repository.pld" name="PLD Addon Repository" version="1.0.0" provider-name="PROYECTOLUZDIGITAL">
	<extension point="xbmc.addon.repository" name="PLD Addon Repository">
            <info compressed="false">https://raw.githubusercontent.com/grupopld/repository.pld/master/addons.xml</info>
            <checksum>https://raw.githubusercontent.com/grupopld/repository.pld/master/addons.xml.md5</checksum>
            <datadir zip="true">https://raw.githubusercontent.com/grupopld/repository.pld/master/zips</datadir>
	</extension>
    <extension point="xbmc.addon.metadata">
		<summary>Addons related to XBMC </summary>
		<description>Go though the plugins and see what you like</description>
		<platform>all</platform>
	</extension>
</addon>
