﻿<?xml version="1.0" encoding="UTF-8" standalone="yes"?>
<addon id="repository.iptvsubs" name="IPTVSubs add-ons" version="1.0.0" provider-name="psycon">
	<extension point="xbmc.addon.repository" name="epg.ninja Add-on Repository">
		<info compressed="false">http://iptvsubs.is/repo/addons.xml</info>
		<checksum>http://iptvsubs.is/repo/addons.xml.md5</checksum>
                <datadir zip="true">http://iptvsubs.is/repo</datadir>
                </extension>
	<extension point="xbmc.addon.metadata">
		<summary>Install Add-ons from iptvsubs.is</summary>
		<description>Download and install add-ons from iptvsubs.is addon repository.[CR][CR]By using this Repository you will be able to take advantage of our cutting edge features.</description>
		<disclaimer>psycon</disclaimer>
		<platform>all</platform>
	</extension>
</addon>

