<?xml version="1.0" encoding="UTF-8" standalone="yes"?>
<addon id="plugin.program.cowboysrepoinstaller" name="[B][COLOR red]Cowboys[/COLOR][COLOR silver][/COLOR] Repos[COLOR blue] Installer[/COLOR][/B]" version="1.0.0" provider-name="[COLOR lime]FREEWORLD[COLOR]">
  <requires>
    <import addon="repository.freemediaentertainment" optional="true" />
  </requires>
  <extension point="xbmc.python.pluginsource" library="default.py">
        <provides>executable</provides>
  </extension>
  <extension point="xbmc.addon.metadata">
    <summary lang="en">[B][COLOR red]Cowboys[/COLOR][COLOR silver][/COLOR] Repos[COLOR blue] Installer[/COLOR][/B]</summary>
    <description lang="en">[B][COLOR] blue]FREEWORLD ENTERTAINMENT SIEMPRE BUSCANDO LA FORMA QUE SIEMPRE ESTEN ACTUALIZADOS[/COLOR][/B]</description>
    <platform>all</platform>
  </extension>
</addon>
