<?xml version="1.1" encoding="UTF-8" standalone="yes"?>
<addon id="plugin.video.ToyRobotTV" name="Toy Robot TV" version="0.2" provider-name="ApplePay">
    <requires>
    </requires>
    <extension point="xbmc.python.pluginsource"
               library="default.py">
        <provides>video</provides>
    </extension>
    <extension point="xbmc.addon.metadata">
        <platform>all</platform>
        <summary>Addon para ver Series de TV buscanos en https://www.facebook.com/ToyRobotTV/</summary>
        <description>Addon para ver Series de TVbuscanos en https://www.facebook.com/ToyRobotTV/ </description>
    </extension>
</addon>