﻿<?xml version="1.0" encoding="UTF-8" standalone="yes"?>
<addon id="plugin.video.neotv" name="[COLOR lime]N[/COLOR][COLOR blue]eo[/COLOR] [COLOR yellow]TV[/COLOR]" version="6.0.0" provider-name="Neo - Underground / Inside 4ndroid">
    <requires>
		<import addon="xbmc.python" version="2.14.0"/>
	</requires>
	<extension point="xbmc.python.pluginsource" library="addon.py">
		<provides>video</provides>
	</extension>
	<extension point="xbmc.service" library="server.py" start="startup" />
	<extension point="xbmc.addon.metadata">
		<platform>all</platform>
		<summary lang="en">Neo TV</summary>
		<description lang="en">IPTV add-on, based on original code by esxbr</description>
		<license>GNU General Public License, v2</license>
		<language></language>
		<forum></forum>
	</extension>
</addon>
