<?xml version="1.0" encoding="UTF-8" standalone="yes"?>
<addon id="repository.vectordroidrepo" name="Vectordroid Repo" version="1.0" provider-name="Vectordroid Repo">
	<extension point="xbmc.addon.repository" name="Vectordroid Repo">
		<info compressed="false">http://vectordroid.com/vectordroidrepo/Plugins/addons.xml</info>
		<checksum>http://vectordroid.com/vectordroidrepo/Plugins/addons.xml.md5</checksum>
		<datadir zip="true">http://vectordroid.com/vectordroidrepo/Plugins</datadir>
	</extension>
	<extension point="xbmc.addon.metadata">
		<summary>The Official Vectordroid Repo</summary>
		<description>The Ultimate Plugin Portal</description>
		<platform>all</platform>
	</extension>
</addon>

